truncate table source.refunds, source.payments, source.invoices, source.subscriptions, source.customers, source.accounts, source.plans, source.sales_targets, source.sales_reps restart identity;

insert into source.plans values ('plan_starter', 'Starter', 'monthly', 49.00, 'USD', true);
insert into source.plans values ('plan_growth', 'Growth', 'monthly', 149.00, 'USD', true);
insert into source.plans values ('plan_scale', 'Scale', 'monthly', 399.00, 'USD', true);
insert into source.sales_reps values ('rep_001', 'Alex Morgan', 'SMB', 'North America', '2024-03-01', true);
insert into source.sales_reps values ('rep_002', 'Bianca Silva', 'Mid-Market', 'LATAM', '2023-08-15', true);
insert into source.sales_reps values ('rep_003', 'Carlos Rivera', 'Enterprise', 'EMEA', '2022-11-10', true);
insert into source.accounts values ('acc_001', 'Account 001', 'fintech', '1-10', 'MX', '2026-01-06T00:00:00', '2026-03-29T00:00:00');
insert into source.accounts values ('acc_002', 'Account 002', 'fintech', '11-50', 'GB', '2026-01-11T00:00:00', '2026-04-25T00:00:00');
insert into source.accounts values ('acc_003', 'Account 003', 'logistics', '51-200', 'DE', '2026-01-16T00:00:00', '2026-05-03T00:00:00');
insert into source.accounts values ('acc_004', 'Account 004', 'fintech', '11-50', 'DE', '2026-01-21T00:00:00', '2026-02-25T00:00:00');
insert into source.accounts values ('acc_005', 'Account 005', 'retail', '201-500', 'BR', '2026-01-26T00:00:00', '2026-03-31T00:00:00');
insert into source.accounts values ('acc_006', 'Account 006', 'healthcare', '201-500', 'DE', '2026-01-31T00:00:00', '2026-02-20T00:00:00');
insert into source.accounts values ('acc_007', 'Account 007', 'healthcare', '1-10', 'MX', '2026-02-05T00:00:00', '2026-04-11T00:00:00');
insert into source.accounts values ('acc_008', 'Account 008', 'logistics', '11-50', 'BR', '2026-02-10T00:00:00', '2026-05-19T00:00:00');
insert into source.accounts values ('acc_009', 'Account 009', 'healthcare', '1-10', 'MX', '2026-02-15T00:00:00', '2026-03-19T00:00:00');
insert into source.accounts values ('acc_010', 'Account 010', 'logistics', '201-500', 'BR', '2026-02-20T00:00:00', '2026-05-24T00:00:00');
insert into source.accounts values ('acc_011', 'Account 011', 'logistics', '201-500', 'BR', '2026-02-25T00:00:00', '2026-03-22T00:00:00');
insert into source.accounts values ('acc_012', 'Account 012', 'healthcare', '201-500', 'US', '2026-03-02T00:00:00', '2026-05-03T00:00:00');
insert into source.accounts values ('acc_013', 'Account 013', 'fintech', '201-500', 'DE', '2026-03-07T00:00:00', '2026-03-15T00:00:00');
insert into source.accounts values ('acc_014', 'Account 014', 'education', '11-50', 'MX', '2026-03-12T00:00:00', '2026-04-08T00:00:00');
insert into source.accounts values ('acc_015', 'Account 015', 'healthcare', '51-200', 'MX', '2026-03-17T00:00:00', '2026-07-08T00:00:00');
insert into source.customers values ('cus_001_01', 'acc_001', 'user1@account001.com', 'User 1 Account 001', 'BR', '2026-01-06', '2026-01-06T00:00:00', '2026-03-29T00:00:00', false);
insert into source.customers values ('cus_002_01', 'acc_002', 'duplicate@example.com', 'User 1 Account 002', 'MX', '2026-01-11', '2026-01-11T00:00:00', '2026-04-25T00:00:00', false);
insert into source.customers values ('cus_002_02', 'acc_002', 'user2@account002.com', 'User 2 Account 002', 'BR', '2026-01-11', '2026-01-11T00:00:00', '2026-04-25T00:00:00', false);
insert into source.customers values ('cus_003_01', 'acc_003', 'duplicate@example.com', 'User 1 Account 003', 'US', '2026-01-16', '2026-01-16T00:00:00', '2026-05-03T00:00:00', false);
insert into source.customers values ('cus_004_01', 'acc_004', 'user1@account004.com', 'User 1 Account 004', 'BR', '2026-01-21', '2026-01-21T00:00:00', '2026-02-25T00:00:00', false);
insert into source.customers values ('cus_004_02', 'acc_004', 'user2@account004.com', 'User 2 Account 004', 'BR', '2026-01-21', '2026-01-21T00:00:00', '2026-02-25T00:00:00', false);
insert into source.customers values ('cus_004_03', 'acc_004', 'user3@account004.com', 'User 3 Account 004', 'GB', '2026-01-21', '2026-01-21T00:00:00', '2026-02-25T00:00:00', false);
insert into source.customers values ('cus_005_01', 'acc_005', 'user1@account005.com', 'User 1 Account 005', 'BR', '2026-01-26', '2026-01-26T00:00:00', '2026-03-31T00:00:00', false);
insert into source.customers values ('cus_005_02', 'acc_005', 'user2@account005.com', 'User 2 Account 005', 'BR', '2026-01-26', '2026-01-26T00:00:00', '2026-03-31T00:00:00', false);
insert into source.customers values ('cus_006_01', 'acc_006', 'user1@account006.com', 'User 1 Account 006', 'GB', '2026-01-31', '2026-01-31T00:00:00', '2026-02-20T00:00:00', false);
insert into source.customers values ('cus_007_01', 'acc_007', 'user1@account007.com', 'User 1 Account 007', 'DE', '2026-02-05', '2026-02-05T00:00:00', '2026-04-11T00:00:00', false);
insert into source.customers values ('cus_007_02', 'acc_007', 'user2@account007.com', 'User 2 Account 007', 'DE', '2026-02-05', '2026-02-05T00:00:00', '2026-04-11T00:00:00', false);
insert into source.customers values ('cus_007_03', 'acc_007', 'user3@account007.com', 'User 3 Account 007', 'BR', '2026-02-05', '2026-02-05T00:00:00', '2026-04-11T00:00:00', false);
insert into source.customers values ('cus_008_01', 'acc_008', 'user1@account008.com', 'User 1 Account 008', 'GB', '2026-02-10', '2026-02-10T00:00:00', '2026-05-19T00:00:00', false);
insert into source.customers values ('cus_008_02', 'acc_008', 'user2@account008.com', 'User 2 Account 008', 'DE', '2026-02-10', '2026-02-10T00:00:00', '2026-05-19T00:00:00', false);
insert into source.customers values ('cus_008_03', 'acc_008', 'user3@account008.com', 'User 3 Account 008', 'BR', '2026-02-10', '2026-02-10T00:00:00', '2026-05-19T00:00:00', false);
insert into source.customers values ('cus_009_01', 'acc_009', 'user1@account009.com', 'User 1 Account 009', 'DE', '2026-02-15', '2026-02-15T00:00:00', '2026-03-19T00:00:00', false);
insert into source.customers values ('cus_010_01', 'acc_010', 'user1@account010.com', 'User 1 Account 010', 'GB', '2026-02-20', '2026-02-20T00:00:00', '2026-05-24T00:00:00', false);
insert into source.customers values ('cus_010_02', 'acc_010', 'user2@account010.com', 'User 2 Account 010', 'BR', '2026-02-20', '2026-02-20T00:00:00', '2026-05-24T00:00:00', false);
insert into source.customers values ('cus_011_01', 'acc_011', 'user1@account011.com', 'User 1 Account 011', 'BR', '2026-02-25', '2026-02-25T00:00:00', '2026-03-22T00:00:00', false);
insert into source.customers values ('cus_011_02', 'acc_011', 'user2@account011.com', 'User 2 Account 011', 'MX', '2026-02-25', '2026-02-25T00:00:00', '2026-03-22T00:00:00', false);
insert into source.customers values ('cus_012_01', 'acc_012', 'user1@account012.com', 'User 1 Account 012', 'GB', '2026-03-02', '2026-03-02T00:00:00', '2026-05-03T00:00:00', false);
insert into source.customers values ('cus_013_01', 'acc_013', 'user1@account013.com', 'User 1 Account 013', 'BR', '2026-03-07', '2026-03-07T00:00:00', '2026-03-15T00:00:00', false);
insert into source.customers values ('cus_013_02', 'acc_013', 'user2@account013.com', 'User 2 Account 013', 'US', '2026-03-07', '2026-03-07T00:00:00', '2026-03-15T00:00:00', false);
insert into source.customers values ('cus_013_03', 'acc_013', 'user3@account013.com', 'User 3 Account 013', 'DE', '2026-03-07', '2026-03-07T00:00:00', '2026-03-15T00:00:00', false);
insert into source.customers values ('cus_014_01', 'acc_014', 'user1@account014.com', 'User 1 Account 014', 'BR', '2026-03-12', '2026-03-12T00:00:00', '2026-04-08T00:00:00', false);
insert into source.customers values ('cus_014_02', 'acc_014', 'user2@account014.com', 'User 2 Account 014', 'MX', '2026-03-12', '2026-03-12T00:00:00', '2026-04-08T00:00:00', false);
insert into source.customers values ('cus_015_01', 'acc_015', 'user1@account015.com', 'User 1 Account 015', 'GB', '2026-03-17', '2026-03-17T00:00:00', '2026-07-08T00:00:00', false);
insert into source.subscriptions values ('sub_001', 'acc_001', 'plan_starter', 'trialing', '2026-01-09T00:00:00', null, null, '2026-03-29T00:00:00');
insert into source.subscriptions values ('sub_002', 'acc_002', 'plan_starter', 'active', '2026-01-14T00:00:00', null, null, '2026-04-25T00:00:00');
insert into source.subscriptions values ('sub_003', 'acc_003', 'plan_starter', 'trialing', '2026-01-19T00:00:00', null, null, '2026-05-03T00:00:00');
insert into source.subscriptions values ('sub_004', 'acc_004', 'plan_growth', 'active', '2026-01-24T00:00:00', null, null, '2026-02-25T00:00:00');
insert into source.subscriptions values ('sub_005', 'acc_005', 'plan_scale', 'past_due', '2026-01-29T00:00:00', '2026-01-27T00:00:00', null, '2026-03-31T00:00:00');
insert into source.subscriptions values ('sub_006', 'acc_006', 'plan_growth', 'past_due', '2026-02-03T00:00:00', null, null, '2026-02-20T00:00:00');
insert into source.subscriptions values ('sub_007', 'acc_007', 'plan_starter', 'active', '2026-02-08T00:00:00', null, null, '2026-04-11T00:00:00');
insert into source.subscriptions values ('sub_008', 'acc_008', 'plan_growth', 'past_due', '2026-02-13T00:00:00', null, null, '2026-05-19T00:00:00');
insert into source.subscriptions values ('sub_009', 'acc_009', 'plan_scale', 'active', '2026-02-18T00:00:00', null, null, '2026-03-19T00:00:00');
insert into source.subscriptions values ('sub_010', 'acc_010', 'plan_starter', 'active', '2026-02-23T00:00:00', null, null, '2026-05-24T00:00:00');
insert into source.subscriptions values ('sub_011', 'acc_011', 'plan_growth', 'active', '2026-02-28T00:00:00', null, null, '2026-03-22T00:00:00');
insert into source.subscriptions values ('sub_012', 'acc_012', 'plan_starter', 'cancelled', '2026-03-05T00:00:00', '2026-05-07T00:00:00', '2026-05-07T00:00:00', '2026-05-03T00:00:00');
insert into source.subscriptions values ('sub_013', 'acc_013', 'plan_starter', 'active', '2026-03-10T00:00:00', null, null, '2026-03-15T00:00:00');
insert into source.subscriptions values ('sub_014', 'acc_014', 'plan_growth', 'active', '2026-03-15T00:00:00', null, null, '2026-04-08T00:00:00');
insert into source.subscriptions values ('sub_015', 'acc_015', 'plan_scale', 'trialing', '2026-03-20T00:00:00', null, null, '2026-07-08T00:00:00');
insert into source.invoices values ('inv_001_01', 'acc_001', 'sub_001', '2026-01-09', '2026-01-16', 'paid', 'USD', 49.00, 49.00, '2026-01-09T00:00:00', '2026-01-09T01:00:00');
insert into source.invoices values ('inv_001_02', 'acc_001', 'sub_001', '2026-02-08', '2026-02-15', 'paid', 'USD', 49.00, 49.00, '2026-02-08T00:00:00', '2026-02-08T01:00:00');
insert into source.invoices values ('inv_001_03', 'acc_001', 'sub_001', '2026-03-10', '2026-03-17', 'uncollectible', 'USD', 49.00, 0.00, '2026-03-10T00:00:00', '2026-03-10T01:00:00');
insert into source.invoices values ('inv_001_04', 'acc_001', 'sub_001', '2026-04-09', '2026-04-16', 'paid', 'USD', 49.00, 49.00, '2026-04-09T00:00:00', '2026-04-09T01:00:00');
insert into source.invoices values ('inv_002_01', 'acc_002', 'sub_002', '2026-01-14', '2026-01-21', 'paid', 'USD', 49.00, 49.00, '2026-01-14T00:00:00', '2026-01-14T01:00:00');
insert into source.invoices values ('inv_002_02', 'acc_002', 'sub_002', '2026-02-13', '2026-02-20', 'paid', 'USD', 49.00, 49.00, '2026-02-13T00:00:00', '2026-02-13T01:00:00');
insert into source.invoices values ('inv_002_03', 'acc_002', 'sub_002', '2026-03-15', '2026-03-22', 'paid', 'USD', 49.00, 49.00, '2026-03-15T00:00:00', '2026-03-15T01:00:00');
insert into source.invoices values ('inv_002_04', 'acc_002', 'sub_002', '2026-04-14', '2026-04-21', 'open', 'USD', 49.00, 0.00, '2026-04-14T00:00:00', '2026-04-14T01:00:00');
insert into source.invoices values ('inv_003_01', 'acc_003', 'sub_003', '2026-01-19', '2026-01-26', 'paid', 'USD', 49.00, 49.00, '2026-01-19T00:00:00', '2026-01-19T01:00:00');
insert into source.invoices values ('inv_003_02', 'acc_003', 'sub_003', '2026-02-18', '2026-02-25', 'paid', 'USD', 49.00, 49.00, '2026-02-18T00:00:00', '2026-02-18T01:00:00');
insert into source.invoices values ('inv_003_03', 'acc_003', 'sub_003', '2026-03-20', '2026-03-27', 'open', 'USD', 49.00, 0.00, '2026-03-20T00:00:00', '2026-03-20T01:00:00');
insert into source.invoices values ('inv_003_04', 'acc_003', 'sub_003', '2026-04-19', '2026-04-26', 'paid', 'USD', 49.00, 49.00, '2026-04-19T00:00:00', '2026-04-19T01:00:00');
insert into source.invoices values ('inv_004_01', 'acc_004', 'sub_004', '2026-01-24', '2026-01-31', 'uncollectible', 'USD', 149.00, 0.00, '2026-01-24T00:00:00', '2026-01-24T01:00:00');
insert into source.invoices values ('inv_004_02', 'acc_004', 'sub_004', '2026-02-23', '2026-03-02', 'paid', 'USD', 149.00, 149.00, '2026-02-23T00:00:00', '2026-02-23T01:00:00');
insert into source.invoices values ('inv_004_03', 'acc_004', 'sub_004', '2026-03-25', '2026-04-01', 'paid', 'USD', 149.00, 149.00, '2026-03-25T00:00:00', '2026-03-25T01:00:00');
insert into source.invoices values ('inv_004_04', 'acc_004', 'sub_004', '2026-04-24', '2026-05-01', 'paid', 'USD', 149.00, 149.00, '2026-04-24T00:00:00', '2026-04-24T01:00:00');
insert into source.invoices values ('inv_005_01', 'acc_005', 'sub_005', '2026-01-29', '2026-02-05', 'uncollectible', 'USD', 399.00, 0.00, '2026-01-29T00:00:00', '2026-01-29T01:00:00');
insert into source.invoices values ('inv_005_02', 'acc_005', 'sub_005', '2026-02-28', '2026-03-07', 'uncollectible', 'USD', 399.00, 0.00, '2026-02-28T00:00:00', '2026-02-28T01:00:00');
insert into source.invoices values ('inv_005_03', 'acc_005', 'sub_005', '2026-03-30', '2026-04-06', 'paid', 'USD', 399.00, 399.00, '2026-03-30T00:00:00', '2026-03-30T01:00:00');
insert into source.invoices values ('inv_005_04', 'acc_005', 'sub_005', '2026-04-29', '2026-05-06', 'paid', 'USD', 399.00, 399.00, '2026-04-29T00:00:00', '2026-04-29T01:00:00');
insert into source.invoices values ('inv_006_01', 'acc_006', 'sub_006', '2026-02-03', '2026-02-10', 'open', 'USD', -99.00, 0.00, '2026-02-03T00:00:00', '2026-02-03T01:00:00');
insert into source.invoices values ('inv_006_02', 'acc_006', 'sub_006', '2026-03-05', '2026-03-12', 'paid', 'USD', 149.00, 149.00, '2026-03-05T00:00:00', '2026-03-05T01:00:00');
insert into source.invoices values ('inv_006_03', 'acc_006', 'sub_006', '2026-04-04', '2026-04-11', 'paid', 'USD', 149.00, 149.00, '2026-04-04T00:00:00', '2026-04-04T01:00:00');
insert into source.invoices values ('inv_006_04', 'acc_006', 'sub_006', '2026-05-04', '2026-05-11', 'paid', 'USD', 149.00, 149.00, '2026-05-04T00:00:00', '2026-05-04T01:00:00');
insert into source.invoices values ('inv_007_01', 'acc_007', 'sub_007', '2026-02-08', '2026-02-15', 'paid', 'USD', 49.00, 49.00, '2026-02-08T00:00:00', '2026-02-08T01:00:00');
insert into source.invoices values ('inv_007_02', 'acc_007', 'sub_007', '2026-03-10', '2026-03-17', 'open', 'USD', 49.00, 0.00, '2026-03-10T00:00:00', '2026-03-10T01:00:00');
insert into source.invoices values ('inv_007_03', 'acc_007', 'sub_007', '2026-04-09', '2026-04-16', 'paid', 'USD', 49.00, 49.00, '2026-04-09T00:00:00', '2026-04-09T01:00:00');
insert into source.invoices values ('inv_007_04', 'acc_007', 'sub_007', '2026-05-09', '2026-05-16', 'paid', 'USD', 49.00, 49.00, '2026-05-09T00:00:00', '2026-05-09T01:00:00');
insert into source.invoices values ('inv_008_01', 'acc_008', 'sub_008', '2026-02-13', '2026-02-20', 'uncollectible', 'USD', 149.00, 0.00, '2026-02-13T00:00:00', '2026-02-13T01:00:00');
insert into source.invoices values ('inv_008_02', 'acc_008', 'sub_008', '2026-03-15', '2026-03-22', 'uncollectible', 'USD', 149.00, 0.00, '2026-03-15T00:00:00', '2026-03-15T01:00:00');
insert into source.invoices values ('inv_008_03', 'acc_008', 'sub_008', '2026-04-14', '2026-04-21', 'open', 'USD', 149.00, 0.00, '2026-04-14T00:00:00', '2026-04-14T01:00:00');
insert into source.invoices values ('inv_008_04', 'acc_008', 'sub_008', '2026-05-14', '2026-05-21', 'uncollectible', 'USD', 149.00, 0.00, '2026-05-14T00:00:00', '2026-05-14T01:00:00');
insert into source.invoices values ('inv_009_01', 'acc_009', 'sub_009', '2026-02-18', '2026-02-25', 'uncollectible', 'USD', 399.00, 0.00, '2026-02-18T00:00:00', '2026-02-18T01:00:00');
insert into source.invoices values ('inv_009_02', 'acc_009', 'sub_009', '2026-03-20', '2026-03-27', 'paid', 'USD', 399.00, 399.00, '2026-03-20T00:00:00', '2026-03-20T01:00:00');
insert into source.invoices values ('inv_009_03', 'acc_009', 'sub_009', '2026-04-19', '2026-04-26', 'paid', 'USD', 399.00, 399.00, '2026-04-19T00:00:00', '2026-04-19T01:00:00');
insert into source.invoices values ('inv_009_04', 'acc_009', 'sub_009', '2026-05-19', '2026-05-26', 'open', 'USD', 399.00, 0.00, '2026-05-19T00:00:00', '2026-05-19T01:00:00');
insert into source.invoices values ('inv_010_01', 'acc_010', 'sub_010', '2026-02-23', '2026-03-02', 'open', 'USD', 49.00, 0.00, '2026-02-23T00:00:00', '2026-02-23T01:00:00');
insert into source.invoices values ('inv_010_02', 'acc_010', 'sub_010', '2026-03-25', '2026-04-01', 'open', 'USD', 49.00, 0.00, '2026-03-25T00:00:00', '2026-03-25T01:00:00');
insert into source.invoices values ('inv_010_03', 'acc_010', 'sub_010', '2026-04-24', '2026-05-01', 'paid', 'USD', 49.00, 49.00, '2026-04-24T00:00:00', '2026-04-24T01:00:00');
insert into source.invoices values ('inv_010_04', 'acc_010', 'sub_010', '2026-05-24', '2026-05-31', 'paid', 'USD', 49.00, 49.00, '2026-05-24T00:00:00', '2026-05-24T01:00:00');
insert into source.invoices values ('inv_011_01', 'acc_011', 'sub_011', '2026-02-28', '2026-03-07', 'paid', 'USD', 149.00, 149.00, '2026-02-28T00:00:00', '2026-02-28T01:00:00');
insert into source.invoices values ('inv_011_02', 'acc_011', 'sub_011', '2026-03-30', '2026-04-06', 'uncollectible', 'USD', 149.00, 0.00, '2026-03-30T00:00:00', '2026-03-30T01:00:00');
insert into source.invoices values ('inv_011_03', 'acc_011', 'sub_011', '2026-04-29', '2026-05-06', 'uncollectible', 'USD', 149.00, 0.00, '2026-04-29T00:00:00', '2026-04-29T01:00:00');
insert into source.invoices values ('inv_011_04', 'acc_011', 'sub_011', '2026-05-29', '2026-06-05', 'paid', 'USD', 149.00, 149.00, '2026-05-29T00:00:00', '2026-05-29T01:00:00');
insert into source.invoices values ('inv_012_01', 'acc_012', 'sub_012', '2026-03-05', '2026-03-12', 'open', 'USD', 49.00, 0.00, '2026-03-05T00:00:00', '2026-03-05T01:00:00');
insert into source.invoices values ('inv_012_02', 'acc_012', 'sub_012', '2026-04-04', '2026-04-11', 'uncollectible', 'USD', 49.00, 0.00, '2026-04-04T00:00:00', '2026-04-04T01:00:00');
insert into source.invoices values ('inv_012_03', 'acc_012', 'sub_012', '2026-05-04', '2026-05-11', 'paid', 'USD', 49.00, 49.00, '2026-05-04T00:00:00', '2026-05-04T01:00:00');
insert into source.invoices values ('inv_012_04', 'acc_012', 'sub_012', '2026-06-03', '2026-06-10', 'paid', 'USD', 49.00, 49.00, '2026-06-03T00:00:00', '2026-06-03T01:00:00');
insert into source.invoices values ('inv_013_01', 'acc_013', 'sub_013', '2026-03-10', '2026-03-17', 'paid', 'USD', 49.00, 49.00, '2026-03-10T00:00:00', '2026-03-10T01:00:00');
insert into source.invoices values ('inv_013_02', 'acc_013', 'sub_013', '2026-04-09', '2026-04-16', 'paid', 'USD', 49.00, 49.00, '2026-04-09T00:00:00', '2026-04-09T01:00:00');
insert into source.invoices values ('inv_013_03', 'acc_013', 'sub_013', '2026-05-09', '2026-05-16', 'uncollectible', 'USD', 49.00, 0.00, '2026-05-09T00:00:00', '2026-05-09T01:00:00');
insert into source.invoices values ('inv_013_04', 'acc_013', 'sub_013', '2026-06-08', '2026-06-15', 'open', 'USD', 49.00, 0.00, '2026-06-08T00:00:00', '2026-06-08T01:00:00');
insert into source.invoices values ('inv_014_01', 'acc_014', 'sub_014', '2026-03-15', '2026-03-22', 'paid', 'USD', 149.00, 149.00, '2026-03-15T00:00:00', '2026-03-15T01:00:00');
insert into source.invoices values ('inv_014_02', 'acc_014', 'sub_014', '2026-04-14', '2026-04-21', 'uncollectible', 'USD', 149.00, 0.00, '2026-04-14T00:00:00', '2026-04-14T01:00:00');
insert into source.invoices values ('inv_014_03', 'acc_014', 'sub_014', '2026-05-14', '2026-05-21', 'uncollectible', 'USD', 149.00, 0.00, '2026-05-14T00:00:00', '2026-05-14T01:00:00');
insert into source.invoices values ('inv_014_04', 'acc_014', 'sub_014', '2026-06-13', '2026-06-20', 'paid', 'USD', 149.00, 149.00, '2026-06-13T00:00:00', '2026-06-13T01:00:00');
insert into source.invoices values ('inv_015_01', 'acc_015', 'sub_015', '2026-03-20', '2026-03-27', 'paid', 'USD', 399.00, 399.00, '2026-03-20T00:00:00', '2026-03-20T01:00:00');
insert into source.invoices values ('inv_015_02', 'acc_015', 'sub_015', '2026-04-19', '2026-04-26', 'uncollectible', 'USD', 399.00, 0.00, '2026-04-19T00:00:00', '2026-04-19T01:00:00');
insert into source.invoices values ('inv_015_03', 'acc_015', 'sub_015', '2026-05-19', '2026-05-26', 'paid', 'USD', 399.00, 399.00, '2026-05-19T00:00:00', '2026-05-19T01:00:00');
insert into source.invoices values ('inv_015_04', 'acc_015', 'sub_015', '2026-06-18', '2026-06-25', 'paid', 'USD', 399.00, 399.00, '2026-06-18T00:00:00', '2026-06-18T01:00:00');
insert into source.payments values ('pay_001_01', 'inv_001_01', 'acc_001', '2026-01-10T00:00:00', 'succeeded', 'card', 49.00, 'USD', null, '2026-01-09T00:00:00');
insert into source.payments values ('pay_001_02', 'inv_001_02', 'acc_001', '2026-02-09T00:00:00', 'succeeded', 'card', 49.00, 'USD', null, '2026-02-08T00:00:00');
insert into source.payments values ('pay_001_03', 'inv_001_03', 'acc_001', '2026-03-11T00:00:00', 'failed', 'bank_transfer', 49.00, 'USD', 'card_declined', '2026-03-10T00:00:00');
insert into source.payments values ('pay_001_04', 'inv_001_04', 'acc_001', '2026-04-10T00:00:00', 'succeeded', 'bank_transfer', 49.00, 'USD', null, '2026-04-09T00:00:00');
insert into source.payments values ('pay_002_01', 'inv_002_01', 'acc_002', '2026-01-15T00:00:00', 'succeeded', 'card', 49.00, 'USD', null, '2026-01-14T00:00:00');
insert into source.payments values ('pay_002_02', 'inv_002_02', 'acc_002', '2026-02-14T00:00:00', 'succeeded', 'bank_transfer', 49.00, 'USD', null, '2026-02-13T00:00:00');
insert into source.payments values ('pay_002_03', 'inv_002_03', 'acc_002', '2026-03-16T00:00:00', 'succeeded', 'bank_transfer', 49.00, 'USD', null, '2026-03-15T00:00:00');
insert into source.payments values ('pay_002_04', 'inv_002_04', 'acc_002', '2026-04-15T00:00:00', 'failed', 'bank_transfer', 49.00, 'USD', 'card_declined', '2026-04-14T00:00:00');
insert into source.payments values ('pay_003_01', 'inv_003_01', 'acc_003', '2026-01-20T00:00:00', 'succeeded', 'bank_transfer', 49.00, 'USD', null, '2026-01-19T00:00:00');
insert into source.payments values ('pay_003_02', 'inv_003_02', 'acc_003', '2026-02-19T00:00:00', 'succeeded', 'card', 49.00, 'USD', null, '2026-02-18T00:00:00');
insert into source.payments values ('pay_003_03', 'inv_003_03', 'acc_003', '2026-03-21T00:00:00', 'pending', 'card', 49.00, 'USD', 'card_declined', '2026-03-20T00:00:00');
insert into source.payments values ('pay_003_04', 'inv_003_04', 'acc_003', '2026-04-20T00:00:00', 'succeeded', 'bank_transfer', 49.00, 'USD', null, '2026-04-19T00:00:00');
insert into source.payments values ('pay_004_01', 'inv_004_01', 'acc_004', '2026-01-25T00:00:00', 'failed', 'bank_transfer', 149.00, 'USD', 'card_declined', '2026-01-24T00:00:00');
insert into source.payments values ('pay_004_02', 'inv_004_02', 'acc_004', '2026-02-24T00:00:00', 'succeeded', 'card', 149.00, 'USD', null, '2026-02-23T00:00:00');
insert into source.payments values ('pay_004_03', 'inv_004_03', 'acc_004', '2026-03-26T00:00:00', 'succeeded', 'bank_transfer', 149.00, 'USD', null, '2026-03-25T00:00:00');
insert into source.payments values ('pay_004_04', 'inv_004_04', 'acc_004', '2026-04-25T00:00:00', 'succeeded', 'bank_transfer', 149.00, 'USD', null, '2026-04-24T00:00:00');
insert into source.payments values ('pay_005_01', 'inv_005_01', 'acc_005', '2026-01-30T00:00:00', 'pending', 'bank_transfer', 399.00, 'USD', 'card_declined', '2026-01-29T00:00:00');
insert into source.payments values ('pay_005_02', 'inv_005_02', 'acc_005', '2026-03-01T00:00:00', 'pending', 'bank_transfer', 399.00, 'USD', 'card_declined', '2026-02-28T00:00:00');
insert into source.payments values ('pay_005_03', 'inv_005_03', 'acc_005', '2026-03-31T00:00:00', 'succeeded', 'card', 399.00, 'USD', null, '2026-03-30T00:00:00');
insert into source.payments values ('pay_005_04', 'inv_005_04', 'acc_005', '2026-04-30T00:00:00', 'succeeded', 'card', 399.00, 'USD', null, '2026-04-29T00:00:00');
insert into source.payments values ('pay_006_01', 'inv_006_01', 'acc_006', '2026-02-04T00:00:00', 'pending', 'card', -99.00, 'USD', 'card_declined', '2026-02-03T00:00:00');
insert into source.payments values ('pay_006_02', 'inv_006_02', 'acc_006', '2026-03-06T00:00:00', 'succeeded', 'bank_transfer', 149.00, 'USD', null, '2026-03-05T00:00:00');
insert into source.payments values ('pay_006_03', 'inv_006_03', 'acc_006', '2026-04-05T00:00:00', 'succeeded', 'card', 149.00, 'USD', null, '2026-04-04T00:00:00');
insert into source.payments values ('pay_006_04', 'inv_006_04', 'acc_006', '2026-05-05T00:00:00', 'succeeded', 'bank_transfer', 149.00, 'USD', null, '2026-05-04T00:00:00');
insert into source.payments values ('pay_007_01', null, 'acc_007', '2026-02-09T00:00:00', 'succeeded', 'card', 49.00, 'USD', null, '2026-02-08T00:00:00');
insert into source.payments values ('pay_007_02', 'inv_007_02', 'acc_007', '2026-03-11T00:00:00', 'failed', 'card', 49.00, 'USD', 'card_declined', '2026-03-10T00:00:00');
insert into source.payments values ('pay_007_03', 'inv_007_03', 'acc_007', '2026-04-10T00:00:00', 'succeeded', 'bank_transfer', 49.00, 'USD', null, '2026-04-09T00:00:00');
insert into source.payments values ('pay_007_04', 'inv_007_04', 'acc_007', '2026-05-10T00:00:00', 'succeeded', 'card', 49.00, 'USD', null, '2026-05-09T00:00:00');
insert into source.payments values ('pay_008_01', 'inv_008_01', 'acc_008', '2026-02-14T00:00:00', 'pending', 'card', 149.00, 'USD', 'card_declined', '2026-02-13T00:00:00');
insert into source.payments values ('pay_008_02', 'inv_008_02', 'acc_008', '2026-03-16T00:00:00', 'failed', 'bank_transfer', 149.00, 'USD', 'card_declined', '2026-03-15T00:00:00');
insert into source.payments values ('pay_008_03', 'inv_008_03', 'acc_008', '2026-04-15T00:00:00', 'pending', 'bank_transfer', 149.00, 'USD', 'card_declined', '2026-04-14T00:00:00');
insert into source.payments values ('pay_008_04', 'inv_008_04', 'acc_008', '2026-05-15T00:00:00', 'pending', 'card', 149.00, 'USD', 'card_declined', '2026-05-14T00:00:00');
insert into source.payments values ('pay_009_01', 'inv_009_01', 'acc_009', '2026-02-19T00:00:00', 'failed', 'card', 399.00, 'USD', 'card_declined', '2026-02-18T00:00:00');
insert into source.payments values ('pay_009_02', 'inv_009_02', 'acc_009', '2026-03-21T00:00:00', 'succeeded', 'card', 399.00, 'USD', null, '2026-03-20T00:00:00');
insert into source.payments values ('pay_009_03', 'inv_009_03', 'acc_009', '2026-04-20T00:00:00', 'succeeded', 'bank_transfer', 399.00, 'USD', null, '2026-04-19T00:00:00');
insert into source.payments values ('pay_009_04', 'inv_009_04', 'acc_009', '2026-05-20T00:00:00', 'failed', 'card', 399.00, 'USD', 'card_declined', '2026-05-19T00:00:00');
insert into source.payments values ('pay_010_01', 'inv_010_01', 'acc_010', '2026-02-24T00:00:00', 'pending', 'bank_transfer', 49.00, 'USD', 'card_declined', '2026-02-23T00:00:00');
insert into source.payments values ('pay_010_02', 'inv_010_02', 'acc_010', '2026-03-26T00:00:00', 'pending', 'card', 49.00, 'USD', 'card_declined', '2026-03-25T00:00:00');
insert into source.payments values ('pay_010_03', 'inv_010_03', 'acc_010', '2026-04-25T00:00:00', 'succeeded', 'card', 49.00, 'USD', null, '2026-04-24T00:00:00');
insert into source.payments values ('pay_010_04', 'inv_010_04', 'acc_010', '2026-05-25T00:00:00', 'succeeded', 'card', 49.00, 'USD', null, '2026-05-24T00:00:00');
insert into source.payments values ('pay_011_01', 'inv_011_01', 'acc_011', '2026-03-01T00:00:00', 'succeeded', 'bank_transfer', 149.00, 'USD', null, '2026-02-28T00:00:00');
insert into source.payments values ('pay_011_02', 'inv_011_02', 'acc_011', '2026-03-31T00:00:00', 'failed', 'card', 149.00, 'USD', 'card_declined', '2026-03-30T00:00:00');
insert into source.payments values ('pay_011_03', 'inv_011_03', 'acc_011', '2026-04-30T00:00:00', 'failed', 'card', 149.00, 'USD', 'card_declined', '2026-04-29T00:00:00');
insert into source.payments values ('pay_011_04', 'inv_011_04', 'acc_011', '2026-05-30T00:00:00', 'succeeded', 'card', 149.00, 'USD', null, '2026-05-29T00:00:00');
insert into source.payments values ('pay_012_01', 'inv_012_01', 'acc_012', '2026-03-06T00:00:00', 'pending', 'bank_transfer', 49.00, 'USD', 'card_declined', '2026-03-05T00:00:00');
insert into source.payments values ('pay_012_02', 'inv_012_02', 'acc_012', '2026-04-05T00:00:00', 'pending', 'card', 49.00, 'USD', 'card_declined', '2026-04-04T00:00:00');
insert into source.payments values ('pay_012_03', 'inv_012_03', 'acc_012', '2026-05-05T00:00:00', 'succeeded', 'bank_transfer', 49.00, 'USD', null, '2026-05-04T00:00:00');
insert into source.payments values ('pay_012_04', 'inv_012_04', 'acc_012', '2026-06-04T00:00:00', 'succeeded', 'card', 49.00, 'USD', null, '2026-06-03T00:00:00');
insert into source.payments values ('pay_013_01', 'inv_013_01', 'acc_013', '2026-03-11T00:00:00', 'succeeded', 'card', 49.00, 'USD', null, '2026-03-10T00:00:00');
insert into source.payments values ('pay_013_02', 'inv_013_02', 'acc_013', '2026-04-10T00:00:00', 'succeeded', 'bank_transfer', 49.00, 'USD', null, '2026-04-09T00:00:00');
insert into source.payments values ('pay_013_03', 'inv_013_03', 'acc_013', '2026-05-10T00:00:00', 'failed', 'card', 49.00, 'USD', 'card_declined', '2026-05-09T00:00:00');
insert into source.payments values ('pay_013_04', 'inv_013_04', 'acc_013', '2026-06-09T00:00:00', 'pending', 'bank_transfer', 49.00, 'USD', 'card_declined', '2026-06-08T00:00:00');
insert into source.payments values ('pay_014_01', 'inv_014_01', 'acc_014', '2026-03-16T00:00:00', 'succeeded', 'card', 149.00, 'USD', null, '2026-03-15T00:00:00');
insert into source.payments values ('pay_014_02', 'inv_014_02', 'acc_014', '2026-04-15T00:00:00', 'failed', 'card', 149.00, 'USD', 'card_declined', '2026-04-14T00:00:00');
insert into source.payments values ('pay_014_03', 'inv_014_03', 'acc_014', '2026-05-15T00:00:00', 'failed', 'bank_transfer', 149.00, 'USD', 'card_declined', '2026-05-14T00:00:00');
insert into source.payments values ('pay_014_04', 'inv_014_04', 'acc_014', '2026-06-14T00:00:00', 'succeeded', 'bank_transfer', 149.00, 'USD', null, '2026-06-13T00:00:00');
insert into source.payments values ('pay_015_01', 'inv_015_01', 'acc_015', '2026-03-21T00:00:00', 'succeeded', 'card', 399.00, 'USD', null, '2026-03-20T00:00:00');
insert into source.payments values ('pay_015_02', 'inv_015_02', 'acc_015', '2026-04-20T00:00:00', 'pending', 'card', 399.00, 'USD', 'card_declined', '2026-04-19T00:00:00');
insert into source.payments values ('pay_015_03', 'inv_015_03', 'acc_015', '2026-05-20T00:00:00', 'succeeded', 'bank_transfer', 399.00, 'USD', null, '2026-05-19T00:00:00');
insert into source.payments values ('pay_015_04', 'inv_015_04', 'acc_015', '2026-06-19T00:00:00', 'succeeded', 'bank_transfer', 399.00, 'USD', null, '2026-06-18T00:00:00');
insert into source.refunds values ('ref_001_02', 'pay_001_02', 'acc_001', '2026-02-18T00:00:00', 12.25, 'customer_request', '2026-02-18T00:00:00');
insert into source.refunds values ('ref_006_04', 'pay_006_04', 'acc_006', '2026-05-14T00:00:00', 149.00, 'billing_error', '2026-05-14T00:00:00');
insert into source.refunds values ('ref_007_04', 'pay_007_04', 'acc_007', '2026-05-19T00:00:00', 24.50, 'customer_request', '2026-05-19T00:00:00');
insert into source.refunds values ('ref_009_03', 'pay_009_03', 'acc_009', '2026-04-29T00:00:00', 99.75, 'billing_error', '2026-04-29T00:00:00');
insert into source.refunds values ('ref_013_02', 'pay_013_02', 'acc_013', '2026-04-19T00:00:00', 49.00, 'customer_request', '2026-04-19T00:00:00');
insert into source.refunds values ('ref_015_03', 'pay_015_03', 'acc_015', '2026-05-29T00:00:00', 99.75, 'customer_request', '2026-05-29T00:00:00');
insert into source.sales_targets values ('target_rep_001_01', 'rep_001', '2026-01-01', 15000.00, 8, '2026-07-04T12:00:00');
insert into source.sales_targets values ('target_rep_001_02', 'rep_001', '2026-02-01', 8000.00, 10, '2026-07-04T12:00:00');
insert into source.sales_targets values ('target_rep_001_03', 'rep_001', '2026-03-01', 15000.00, 8, '2026-07-04T12:00:00');
insert into source.sales_targets values ('target_rep_001_04', 'rep_001', '2026-04-01', 15000.00, 8, '2026-07-04T12:00:00');
insert into source.sales_targets values ('target_rep_002_01', 'rep_002', '2026-01-01', 10000.00, 5, '2026-07-04T12:00:00');
insert into source.sales_targets values ('target_rep_002_02', 'rep_002', '2026-02-01', 8000.00, 10, '2026-07-04T12:00:00');
insert into source.sales_targets values ('target_rep_002_03', 'rep_002', '2026-03-01', 10000.00, 8, '2026-07-04T12:00:00');
insert into source.sales_targets values ('target_rep_002_04', 'rep_002', '2026-04-01', 8000.00, 5, '2026-07-04T12:00:00');
insert into source.sales_targets values ('target_rep_003_01', 'rep_003', '2026-01-01', 10000.00, 5, '2026-07-04T12:00:00');
insert into source.sales_targets values ('target_rep_003_02', 'rep_003', '2026-02-01', 15000.00, 8, '2026-07-04T12:00:00');
insert into source.sales_targets values ('target_rep_003_03', 'rep_003', '2026-03-01', 8000.00, 10, '2026-07-04T12:00:00');
insert into source.sales_targets values ('target_rep_003_04', 'rep_003', '2026-04-01', 10000.00, 10, '2026-07-04T12:00:00');
